"Stage","Timestamp","TotalMemory","Gen0Collections","Gen1Collections","Gen2Collections","ProcessWorkingSet","ProcessPrivateMemory"
"Monitoring","2025/07/17 21:54:13","57061000","1196","135","32","132591616","113098752"
"Monitoring","2025/07/17 21:54:13","53916272","1198","135","32","133406720","113459200"
"Monitoring","2025/07/17 21:54:14","54637168","1198","135","32","133406720","113459200"
"Monitoring","2025/07/17 21:54:14","55341680","1198","135","32","133406720","113459200"
"Monitoring","2025/07/17 21:54:14","56046192","1198","135","32","133406720","113459200"
"Monitoring","2025/07/17 21:54:14","56750704","1198","135","32","133406720","113459200"
"Monitoring","2025/07/17 21:54:14","57455216","1198","135","32","133414912","113590272"
"Monitoring","2025/07/17 21:54:14","58162160","1198","135","32","134119424","114311168"
"Monitoring","2025/07/17 21:54:14","58866672","1198","135","32","134823936","115036160"
"Monitoring","2025/07/17 21:54:14","60978760","1198","135","32","136994816","117186560"
"Monitoring","2025/07/17 21:54:14","61683272","1198","135","32","137699328","117907456"
"Monitoring","2025/07/17 21:54:14","62387784","1198","135","32","138403840","118562816"
"Monitoring","2025/07/17 21:54:14","63092296","1198","135","32","139108352","119287808"
"Monitoring","2025/07/17 21:54:14","63796808","1198","135","32","139812864","120008704"
"Monitoring","2025/07/17 21:54:14","64501320","1198","135","32","140517376","120729600"
"Monitoring","2025/07/17 21:54:14","65205832","1198","135","32","141221888","121389056"
"Monitoring","2025/07/17 21:54:14","65970664","1198","135","32","144052224","125988864"
"Monitoring","2025/07/17 21:54:14","70654304","1198","135","32","147742720","126967808"
"Monitoring","2025/07/17 21:54:14","55385968","1199","136","32","146870272","126967808"
"Monitoring","2025/07/17 21:54:15","56082288","1199","136","32","146870272","126967808"
"Monitoring","2025/07/17 21:54:15","56778608","1199","136","32","146870272","126967808"
"Monitoring","2025/07/17 21:54:15","57466736","1199","136","32","146870272","126967808"
"Monitoring","2025/07/17 21:54:15","54039864","1200","136","32","146870272","126967808"
"Monitoring","2025/07/17 21:54:15","54744376","1200","136","32","146870272","126967808"
"Monitoring","2025/07/17 21:54:15","55440696","1200","136","32","146870272","126967808"
"Monitoring","2025/07/17 21:54:15","56137016","1200","136","32","146870272","126967808"
"Monitoring","2025/07/17 21:54:15","56825144","1200","136","32","146870272","126967808"
"Monitoring","2025/07/17 21:54:15","57521464","1200","136","32","146870272","126967808"
"Monitoring","2025/07/17 21:54:15","54077064","1201","136","32","146874368","126967808"
"Monitoring","2025/07/17 21:54:15","54781576","1201","136","32","146874368","126967808"
"Monitoring","2025/07/17 21:54:15","55477896","1201","136","32","146874368","126967808"
"Monitoring","2025/07/17 21:54:15","56174216","1201","136","32","146874368","126967808"
"Monitoring","2025/07/17 21:54:15","56862344","1201","136","32","146857984","126935040"
"Monitoring","2025/07/17 21:54:15","54847120","1203","136","32","150085632","132313088"
"Monitoring","2025/07/17 21:54:16","57669920","1204","136","32","153399296","134651904"
"Monitoring","2025/07/17 21:54:16","58357744","1204","136","32","147156992","127107072"
"Monitoring","2025/07/17 21:54:16","54904008","1205","136","32","147156992","127107072"
"Monitoring","2025/07/17 21:54:16","55592136","1205","136","32","147156992","127107072"
"Monitoring","2025/07/17 21:54:16","56280264","1205","136","32","147156992","127107072"
"Monitoring","2025/07/17 21:54:16","56968392","1205","136","32","147156992","127107072"
"Monitoring","2025/07/17 21:54:16","57664712","1205","136","32","147156992","127107072"
"Monitoring","2025/07/17 21:54:16","58352840","1205","136","32","147156992","127107072"
"Monitoring","2025/07/17 21:54:16","54927416","1206","136","32","147156992","127107072"
"Monitoring","2025/07/17 21:54:16","55615544","1206","136","32","147156992","127107072"
"Monitoring","2025/07/17 21:54:16","56303672","1206","136","32","147156992","127107072"
"Monitoring","2025/07/17 21:54:16","56991800","1206","136","32","147156992","127107072"
"Monitoring","2025/07/17 21:54:16","57679928","1206","136","32","147156992","127107072"
"Monitoring","2025/07/17 21:54:16","58376248","1206","136","32","147156992","127107072"
"Monitoring","2025/07/17 21:54:16","54662200","1207","136","32","147156992","127107072"
"Monitoring","2025/07/17 21:54:16","55366712","1207","136","32","147156992","127107072"
"Monitoring","2025/07/17 21:54:16","56063032","1207","136","32","147156992","127107072"
"Monitoring","2025/07/17 21:54:16","56751160","1207","136","32","147156992","127107072"
"Monitoring","2025/07/17 21:54:17","57439288","1207","136","32","147156992","127107072"
"Monitoring","2025/07/17 21:54:17","58127416","1207","136","32","147156992","127107072"
"Monitoring","2025/07/17 21:54:17","54678280","1208","136","32","147156992","127107072"
"Monitoring","2025/07/17 21:54:17","55382792","1208","136","32","147156992","127107072"
"Monitoring","2025/07/17 21:54:17","56079112","1208","136","32","147156992","127107072"
"Monitoring","2025/07/17 21:54:17","56767240","1208","136","32","147156992","127107072"
"Monitoring","2025/07/17 21:54:17","57455368","1208","136","32","147140608","127074304"
"Monitoring","2025/07/17 21:54:17","58143496","1208","136","32","147140608","127074304"
"Monitoring","2025/07/17 21:54:17","58831624","1208","136","32","147140608","127074304"
"Monitoring","2025/07/17 21:54:17","55385360","1209","136","32","147140608","127074304"
"Monitoring","2025/07/17 21:54:17","56081680","1209","136","32","147140608","127074304"
"Monitoring","2025/07/17 21:54:17","56769808","1209","136","32","147140608","127074304"
"Monitoring","2025/07/17 21:54:17","57457936","1209","136","32","147140608","127074304"
"Monitoring","2025/07/17 21:54:17","58146064","1209","136","32","147140608","127074304"
"Monitoring","2025/07/17 21:54:17","58834192","1209","136","32","147140608","127074304"
"Monitoring","2025/07/17 21:54:17","55389936","1210","136","32","147140608","127074304"
"Monitoring","2025/07/17 21:54:17","56078064","1210","136","32","147140608","127074304"
"Monitoring","2025/07/17 21:54:18","56766192","1210","136","32","147140608","127074304"
"Monitoring","2025/07/17 21:54:18","57454320","1210","136","32","147140608","127074304"
"Monitoring","2025/07/17 21:54:18","58150640","1210","136","32","147140608","127074304"
"Monitoring","2025/07/17 21:54:18","58838768","1210","136","32","147140608","127074304"
"Monitoring","2025/07/17 21:54:18","55382776","1211","136","32","147140608","127074304"
"Monitoring","2025/07/17 21:54:18","56070904","1211","136","32","147140608","127074304"
"Monitoring","2025/07/17 21:54:18","56767224","1211","136","32","147140608","127074304"
"Monitoring","2025/07/17 21:54:18","57455352","1211","136","32","147140608","127074304"
"Monitoring","2025/07/17 21:54:18","58143480","1211","136","32","147140608","127074304"
"Monitoring","2025/07/17 21:54:18","58831608","1211","136","32","147783680","127733760"
"Monitoring","2025/07/17 21:54:18","55453744","1212","136","32","147783680","127733760"
"Monitoring","2025/07/17 21:54:18","56141872","1212","136","32","147783680","127074304"
"Monitoring","2025/07/17 21:54:18","56830000","1212","136","32","147783680","127074304"
"Monitoring","2025/07/17 21:54:18","57526320","1212","136","32","147783680","127074304"
"Monitoring","2025/07/17 21:54:18","58214448","1212","136","32","147783680","127074304"
"Monitoring","2025/07/17 21:54:18","58902576","1212","136","32","147783680","127074304"
"Monitoring","2025/07/17 21:54:18","55454848","1213","136","32","147783680","127074304"
"Monitoring","2025/07/17 21:54:19","56151168","1213","136","32","147783680","127074304"
"Monitoring","2025/07/17 21:54:19","56839296","1213","136","32","147783680","127074304"
"Monitoring","2025/07/17 21:54:19","57527424","1213","136","32","147783680","127074304"
"Monitoring","2025/07/17 21:54:19","58215552","1213","136","32","147783680","127074304"
"Monitoring","2025/07/17 21:54:19","58911872","1213","136","32","147779584","127729664"
"Monitoring","2025/07/17 21:54:19","55461624","1214","136","32","147763200","127688704"
"Monitoring","2025/07/17 21:54:19","56149752","1214","136","32","147763200","127688704"
"Monitoring","2025/07/17 21:54:19","56846072","1214","136","32","147763200","127688704"
"Monitoring","2025/07/17 21:54:19","57534200","1214","136","32","147763200","127688704"
"Monitoring","2025/07/17 21:54:19","58222328","1214","136","32","147763200","127688704"
"Monitoring","2025/07/17 21:54:19","58910456","1214","136","32","147763200","127688704"
"Monitoring","2025/07/17 21:54:19","55443976","1215","136","32","147763200","127688704"
"Monitoring","2025/07/17 21:54:19","56140296","1215","136","32","147763200","127688704"
"Monitoring","2025/07/17 21:54:19","56828424","1215","136","32","147763200","127688704"
"Monitoring","2025/07/17 21:54:19","57516552","1215","136","32","147763200","127688704"
"Monitoring","2025/07/17 21:54:19","58212872","1215","136","32","147763200","127688704"
"Monitoring","2025/07/17 21:54:19","58901000","1215","136","32","147763200","127688704"
"Monitoring","2025/07/17 21:54:19","55447200","1216","136","32","137224192","117088256"
"Monitoring","2025/07/17 21:54:20","56135328","1216","136","32","137224192","117088256"
"Monitoring","2025/07/17 21:54:20","56831648","1216","136","32","137224192","117088256"
"Monitoring","2025/07/17 21:54:20","57519776","1216","136","32","137224192","117088256"
"Monitoring","2025/07/17 21:54:20","58207904","1216","136","32","137224192","117088256"
"Monitoring","2025/07/17 21:54:20","58896032","1216","136","32","137224192","117088256"
"Monitoring","2025/07/17 21:54:20","55444304","1217","136","32","137224192","117088256"
"Monitoring","2025/07/17 21:54:20","56140624","1217","136","32","137224192","117088256"
"Monitoring","2025/07/17 21:54:20","56828752","1217","136","32","137224192","117088256"
"Monitoring","2025/07/17 21:54:20","57516880","1217","136","32","137224192","117088256"
"Monitoring","2025/07/17 21:54:20","58213200","1217","136","32","137224192","117088256"
"Monitoring","2025/07/17 21:54:20","58901328","1217","136","32","137224192","117088256"
"Monitoring","2025/07/17 21:54:20","55497200","1218","136","32","137224192","117088256"
"Monitoring","2025/07/17 21:54:20","56185328","1218","136","32","137224192","117088256"
"Monitoring","2025/07/17 21:54:20","56881648","1218","136","32","137224192","117088256"
"Monitoring","2025/07/17 21:54:20","57569776","1218","136","32","137224192","117088256"
"Monitoring","2025/07/17 21:54:21","58257904","1218","136","32","137224192","117088256"
"Monitoring","2025/07/17 21:54:21","58946032","1218","136","32","137224192","117088256"
"Monitoring","2025/07/17 21:54:21","55499152","1219","136","32","137236480","117088256"
"Monitoring","2025/07/17 21:54:21","56195472","1219","136","32","137236480","117088256"
"Monitoring","2025/07/17 21:54:21","56883600","1219","136","32","137236480","117088256"
"Monitoring","2025/07/17 21:54:21","57571728","1219","136","32","137236480","117088256"
"Monitoring","2025/07/17 21:54:21","58268048","1219","136","32","137236480","117088256"
"Monitoring","2025/07/17 21:54:21","58956176","1219","136","32","137236480","117088256"
"Monitoring","2025/07/17 21:54:21","55488960","1220","136","32","137236480","117088256"
"Monitoring","2025/07/17 21:54:21","56185280","1220","136","32","137236480","117088256"
"Monitoring","2025/07/17 21:54:21","56881600","1220","136","32","137236480","117088256"
"Monitoring","2025/07/17 21:54:21","57569728","1220","136","32","137236480","116428800"
"Monitoring","2025/07/17 21:54:21","58266048","1220","136","32","137236480","116428800"
"Monitoring","2025/07/17 21:54:21","58962368","1220","136","32","137236480","116428800"
"Monitoring","2025/07/17 21:54:21","55510344","1221","136","32","137236480","116428800"
"Monitoring","2025/07/17 21:54:21","56214856","1221","136","32","137236480","116428800"
"Monitoring","2025/07/17 21:54:21","56911176","1221","136","32","137236480","116428800"
"Monitoring","2025/07/17 21:54:22","57599304","1221","136","32","137236480","116428800"
"Monitoring","2025/07/17 21:54:22","58295624","1221","136","32","137236480","116428800"
"Monitoring","2025/07/17 21:54:22","58983752","1221","136","32","137236480","116428800"
"Monitoring","2025/07/17 21:54:22","55533240","1222","136","32","137236480","116428800"
"Monitoring","2025/07/17 21:54:22","56237752","1222","136","32","137236480","116428800"
"Monitoring","2025/07/17 21:54:22","56934072","1222","136","32","137236480","116428800"
"Monitoring","2025/07/17 21:54:22","57630392","1222","136","32","137236480","116428800"
"Monitoring","2025/07/17 21:54:22","58318520","1222","136","32","137236480","116428800"
"Monitoring","2025/07/17 21:54:22","59014840","1222","136","32","137236480","116428800"
"Monitoring","2025/07/17 21:54:22","55664832","1223","136","32","137236480","116428800"
"Monitoring","2025/07/17 21:54:22","56369344","1223","136","32","137236480","116428800"
"Monitoring","2025/07/17 21:54:22","57057472","1223","136","32","137236480","116428800"
"Monitoring","2025/07/17 21:54:22","57753792","1223","136","32","137236480","116428800"
"Monitoring","2025/07/17 21:54:22","58441920","1223","136","32","137236480","116428800"
"Monitoring","2025/07/17 21:54:22","59138240","1223","136","32","137236480","116428800"
"Monitoring","2025/07/17 21:54:22","55688784","1224","136","32","137236480","116428800"
"Monitoring","2025/07/17 21:54:22","56393296","1224","136","32","137236480","116428800"
"Monitoring","2025/07/17 21:54:23","57081424","1224","136","32","137236480","116428800"
"Monitoring","2025/07/17 21:54:23","57777744","1224","136","32","137236480","116428800"
"Monitoring","2025/07/17 21:54:23","58474064","1224","136","32","137236480","116428800"
"Monitoring","2025/07/17 21:54:23","59162192","1224","136","32","137236480","116428800"
"Monitoring","2025/07/17 21:54:23","55674472","1225","136","32","137236480","116428800"
"Monitoring","2025/07/17 21:54:23","56378984","1225","136","32","137236480","116428800"
"Monitoring","2025/07/17 21:54:23","57075304","1225","136","32","137236480","116428800"
"Monitoring","2025/07/17 21:54:23","57763432","1225","136","32","137236480","116428800"
"Monitoring","2025/07/17 21:54:23","58459752","1225","136","32","137236480","116428800"
"Monitoring","2025/07/17 21:54:23","59147880","1225","136","32","137236480","116428800"
"Monitoring","2025/07/17 21:54:23","55680848","1226","136","32","137236480","116428800"
"Monitoring","2025/07/17 21:54:23","56393552","1226","136","32","137236480","116428800"
"Monitoring","2025/07/17 21:54:23","57081680","1226","136","32","137236480","116428800"
"Monitoring","2025/07/17 21:54:23","57778000","1226","136","32","137236480","116428800"
"Monitoring","2025/07/17 21:54:23","58466128","1226","136","32","137236480","116428800"
"Monitoring","2025/07/17 21:54:23","59162448","1226","136","32","137236480","116428800"
"Monitoring","2025/07/17 21:54:23","55706488","1227","136","32","137236480","116428800"
"Monitoring","2025/07/17 21:54:24","56419192","1227","136","32","137236480","116428800"
"Monitoring","2025/07/17 21:54:24","57107320","1227","136","32","137236480","116428800"
"Monitoring","2025/07/17 21:54:24","57803640","1227","136","32","137236480","116428800"
"Monitoring","2025/07/17 21:54:24","58499960","1227","136","32","137236480","116428800"
"Monitoring","2025/07/17 21:54:24","59188088","1227","136","32","137236480","116428800"
"Monitoring","2025/07/17 21:54:24","55739952","1228","136","32","137236480","116428800"
"Monitoring","2025/07/17 21:54:24","56452656","1228","136","32","137236480","116428800"
"Monitoring","2025/07/17 21:54:24","57140784","1228","136","32","137236480","116428800"
"Monitoring","2025/07/17 21:54:24","57837104","1228","136","32","137236480","116428800"
"Monitoring","2025/07/17 21:54:24","58525232","1228","136","32","137236480","116428800"
"Monitoring","2025/07/17 21:54:24","59221552","1228","136","32","137236480","116428800"
"Monitoring","2025/07/17 21:54:24","59917872","1228","136","32","137236480","116428800"
"Monitoring","2025/07/17 21:54:24","56475080","1229","136","32","137236480","116428800"
"Monitoring","2025/07/17 21:54:24","57171400","1229","136","32","137236480","116428800"
"Monitoring","2025/07/17 21:54:24","57859528","1229","136","32","137236480","116428800"
"Monitoring","2025/07/17 21:54:24","58555848","1229","136","32","137236480","116428800"
"Monitoring","2025/07/17 21:54:24","59252168","1229","136","32","137236480","116428800"
"Monitoring","2025/07/17 21:54:25","59940296","1229","136","32","137236480","116330496"
"Monitoring","2025/07/17 21:54:25","56500056","1230","136","32","137138176","116330496"
"Monitoring","2025/07/17 21:54:25","57188184","1230","136","32","137138176","116330496"
"Monitoring","2025/07/17 21:54:25","57884504","1230","136","32","137138176","116330496"
"Monitoring","2025/07/17 21:54:25","58572632","1230","136","32","137138176","116330496"
"Monitoring","2025/07/17 21:54:25","59268952","1230","136","32","137138176","116330496"
"Monitoring","2025/07/17 21:54:25","59965272","1230","136","32","137138176","116330496"
"Monitoring","2025/07/17 21:54:25","56513568","1231","136","32","137138176","116330496"
"Monitoring","2025/07/17 21:54:25","57209888","1231","136","32","137138176","116330496"
"Monitoring","2025/07/17 21:54:25","57898016","1231","136","32","137138176","116330496"
"Monitoring","2025/07/17 21:54:25","58594336","1231","136","32","137138176","116330496"
"Monitoring","2025/07/17 21:54:25","59282464","1231","136","32","137138176","116330496"
"Monitoring","2025/07/17 21:54:25","59978784","1231","136","32","137138176","116330496"
"Monitoring","2025/07/17 21:54:25","56535248","1232","136","32","137138176","116330496"
"Monitoring","2025/07/17 21:54:25","57223376","1232","136","32","137138176","116330496"
"Monitoring","2025/07/17 21:54:25","57919696","1232","136","32","137138176","116330496"
"Monitoring","2025/07/17 21:54:25","58607824","1232","136","32","137138176","116330496"
"Monitoring","2025/07/17 21:54:25","59304144","1232","136","32","137138176","116330496"
"Monitoring","2025/07/17 21:54:26","60000464","1232","136","32","137138176","116330496"
"Monitoring","2025/07/17 21:54:26","56614008","1233","136","32","137138176","116330496"
"Monitoring","2025/07/17 21:54:26","57310328","1233","136","32","137138176","116330496"
"Monitoring","2025/07/17 21:54:26","57998456","1233","136","32","137138176","116330496"
"Monitoring","2025/07/17 21:54:26","58694776","1233","136","32","137138176","116330496"
"Monitoring","2025/07/17 21:54:26","59391096","1233","136","32","137138176","116330496"
"Monitoring","2025/07/17 21:54:26","60079224","1233","136","32","137138176","116330496"
"Monitoring","2025/07/17 21:54:26","56641312","1234","136","32","137138176","116330496"
"Monitoring","2025/07/17 21:54:26","57329440","1234","136","32","137138176","116330496"
"Monitoring","2025/07/17 21:54:26","58025760","1234","136","32","137138176","116330496"
"Monitoring","2025/07/17 21:54:26","58722080","1234","136","32","137138176","116330496"
"Monitoring","2025/07/17 21:54:26","59410208","1234","136","32","137138176","116330496"
"Monitoring","2025/07/17 21:54:26","60106528","1234","136","32","137138176","116330496"
"Monitoring","2025/07/17 21:54:26","56655360","1235","136","32","137138176","116330496"
"Monitoring","2025/07/17 21:54:26","57351680","1235","136","32","137138176","116330496"
"Monitoring","2025/07/17 21:54:26","58039808","1235","136","32","137138176","116330496"
"Monitoring","2025/07/17 21:54:26","58736128","1235","136","32","137138176","116330496"
"Monitoring","2025/07/17 21:54:27","59432448","1235","136","32","137138176","116330496"
"Monitoring","2025/07/17 21:54:27","60120576","1235","136","32","137138176","116330496"
"Monitoring","2025/07/17 21:54:27","56676992","1236","136","32","137138176","116330496"
"Monitoring","2025/07/17 21:54:27","57365120","1236","136","32","137138176","116330496"
"Monitoring","2025/07/17 21:54:27","58061440","1236","136","32","137138176","116330496"
"Monitoring","2025/07/17 21:54:27","58757760","1236","136","32","137138176","116330496"
"Monitoring","2025/07/17 21:54:27","59445888","1236","136","32","137138176","116330496"
"Monitoring","2025/07/17 21:54:27","60142208","1236","136","32","137138176","116330496"
"Monitoring","2025/07/17 21:54:27","56690504","1237","136","32","137138176","116330496"
"Monitoring","2025/07/17 21:54:27","57386824","1237","136","32","137138176","116330496"
"Monitoring","2025/07/17 21:54:27","58083144","1237","136","32","137072640","116989952"
"Monitoring","2025/07/17 21:54:27","58771272","1237","136","32","137138176","116989952"
"Monitoring","2025/07/17 21:54:27","59467592","1237","136","32","137138176","116989952"
"Monitoring","2025/07/17 21:54:27","60163912","1237","136","32","137138176","116989952"
"Monitoring","2025/07/17 21:54:27","56777944","1238","136","32","137138176","116989952"
"Monitoring","2025/07/17 21:54:27","57474264","1238","136","32","137138176","116989952"
"Monitoring","2025/07/17 21:54:27","58170584","1238","136","32","137138176","116989952"
"Monitoring","2025/07/17 21:54:28","58858712","1238","136","32","137138176","116989952"
"Monitoring","2025/07/17 21:54:28","59555032","1238","136","32","137138176","116989952"
"Monitoring","2025/07/17 21:54:28","60251352","1238","136","32","137138176","116989952"
"Monitoring","2025/07/17 21:54:28","56805504","1239","136","32","137138176","116989952"
"Monitoring","2025/07/17 21:54:28","57501824","1239","136","32","137138176","116989952"
"Monitoring","2025/07/17 21:54:28","58189952","1239","136","32","137138176","116989952"
"Monitoring","2025/07/17 21:54:28","58886272","1239","136","32","137138176","116989952"
"Monitoring","2025/07/17 21:54:28","59582592","1239","136","32","137138176","116989952"
"Monitoring","2025/07/17 21:54:28","60270720","1239","136","32","137138176","116989952"
"Monitoring","2025/07/17 21:54:28","56826880","1240","136","32","137138176","116989952"
"Monitoring","2025/07/17 21:54:28","57523200","1240","136","32","137138176","116330496"
"Monitoring","2025/07/17 21:54:28","58211328","1240","136","32","137138176","116989952"
"Monitoring","2025/07/17 21:54:28","58907648","1240","136","32","136495104","116989952"
"Monitoring","2025/07/17 21:54:28","59603968","1240","136","32","137138176","116989952"
"Monitoring","2025/07/17 21:54:28","60292096","1240","136","32","137138176","116989952"
"Monitoring","2025/07/17 21:54:28","56830368","1241","136","32","137138176","116330496"
"Monitoring","2025/07/17 21:54:28","57518496","1241","136","32","137138176","116989952"
"Monitoring","2025/07/17 21:54:29","58214816","1241","136","32","136495104","116989952"
"Monitoring","2025/07/17 21:54:29","58911136","1241","136","32","137138176","116989952"
"Monitoring","2025/07/17 21:54:29","59607456","1241","136","32","137138176","116989952"
"Monitoring","2025/07/17 21:54:29","60303776","1241","136","32","137138176","116330496"
"Monitoring","2025/07/17 21:54:29","56856344","1242","136","32","137158656","117055488"
"Monitoring","2025/07/17 21:54:29","57560856","1242","136","32","136515584","117055488"
"Monitoring","2025/07/17 21:54:29","58257176","1242","136","32","137158656","117055488"
"Monitoring","2025/07/17 21:54:29","58953496","1242","136","32","137158656","117055488"
"Monitoring","2025/07/17 21:54:29","59649816","1242","136","32","137158656","116396032"
"Monitoring","2025/07/17 21:54:29","60346136","1242","136","32","137158656","117055488"
"Monitoring","2025/07/17 21:54:29","56905896","1243","136","32","136552448","117055488"
"Monitoring","2025/07/17 21:54:29","57602216","1243","136","32","137195520","117055488"
"Monitoring","2025/07/17 21:54:29","58298536","1243","136","32","137195520","117055488"
"Monitoring","2025/07/17 21:54:29","59003048","1243","136","32","137195520","116396032"
"Monitoring","2025/07/17 21:54:30","59699368","1243","136","32","137195520","117055488"
"Monitoring","2025/07/17 21:54:30","60395688","1243","136","32","136552448","117055488"
"Monitoring","2025/07/17 21:54:30","56994744","1244","136","32","137232384","117121024"
"Monitoring","2025/07/17 21:54:30","57691064","1244","136","32","137232384","117121024"
"Monitoring","2025/07/17 21:54:30","58387384","1244","136","32","137232384","116461568"
"Monitoring","2025/07/17 21:54:30","59091896","1244","136","32","137232384","117121024"
"Monitoring","2025/07/17 21:54:30","59788216","1244","136","32","136589312","117121024"
"Monitoring","2025/07/17 21:54:30","60484536","1244","136","32","137232384","117121024"
"Monitoring","2025/07/17 21:54:30","57058504","1245","136","32","137314304","117186560"
"Monitoring","2025/07/17 21:54:30","57754824","1245","136","32","137314304","116527104"
"Monitoring","2025/07/17 21:54:30","58451144","1245","136","32","137314304","117186560"
"Monitoring","2025/07/17 21:54:30","59155656","1245","136","32","136671232","117186560"
"Monitoring","2025/07/17 21:54:30","59851976","1245","136","32","137314304","117186560"
"Monitoring","2025/07/17 21:54:30","60548296","1245","136","32","137314304","117186560"
"Monitoring","2025/07/17 21:54:30","57111312","1246","136","32","137367552","116592640"
"Monitoring","2025/07/17 21:54:30","57807632","1246","136","32","137367552","117252096"
"Monitoring","2025/07/17 21:54:30","58503952","1246","136","32","137302016","116592640"
"Monitoring","2025/07/17 21:54:31","59208464","1246","136","32","137367552","117252096"
"Monitoring","2025/07/17 21:54:31","59904784","1246","136","32","136724480","117252096"
"Monitoring","2025/07/17 21:54:31","60601104","1246","136","32","137367552","117252096"
"Monitoring","2025/07/17 21:54:31","57158320","1247","136","32","137412608","116658176"
"Monitoring","2025/07/17 21:54:31","57854640","1247","136","32","137412608","117317632"
"Monitoring","2025/07/17 21:54:31","58559152","1247","136","32","136769536","117317632"
"Monitoring","2025/07/17 21:54:31","59255472","1247","136","32","137412608","117317632"
"Monitoring","2025/07/17 21:54:31","59951792","1247","136","32","137412608","117317632"
"Monitoring","2025/07/17 21:54:31","60648112","1247","136","32","137412608","116658176"
"Monitoring","2025/07/17 21:54:31","57204576","1248","136","32","137453568","117317632"
"Monitoring","2025/07/17 21:54:31","57900896","1248","136","32","136810496","117317632"
"Monitoring","2025/07/17 21:54:31","58605408","1248","136","32","137453568","117317632"
"Monitoring","2025/07/17 21:54:31","59301728","1248","136","32","137453568","117317632"
"Monitoring","2025/07/17 21:54:31","59998048","1248","136","32","137453568","116658176"
"Monitoring","2025/07/17 21:54:31","60694368","1248","136","32","137453568","117317632"
"Monitoring","2025/07/17 21:54:31","57317096","1249","136","32","136847360","117383168"
"Monitoring","2025/07/17 21:54:32","58021608","1249","136","32","137490432","117383168"
"Monitoring","2025/07/17 21:54:32","58717928","1249","136","32","137490432","117383168"
"Monitoring","2025/07/17 21:54:32","59414248","1249","136","32","137490432","116723712"
"Monitoring","2025/07/17 21:54:32","60110568","1249","136","32","137490432","117383168"
"Monitoring","2025/07/17 21:54:32","60806888","1249","136","32","136847360","117448704"
"Monitoring","2025/07/17 21:54:32","57377448","1250","136","32","137596928","117448704"
"Monitoring","2025/07/17 21:54:32","58073768","1250","136","32","137596928","117448704"
"Monitoring","2025/07/17 21:54:32","58770088","1250","136","32","137596928","116789248"
"Monitoring","2025/07/17 21:54:32","59466408","1250","136","32","137596928","117448704"
"Monitoring","2025/07/17 21:54:32","60162728","1250","136","32","136953856","117448704"
"Monitoring","2025/07/17 21:54:32","60867240","1250","136","32","137596928","117448704"
"Monitoring","2025/07/17 21:54:32","57423680","1251","136","32","137637888","117514240"
"Monitoring","2025/07/17 21:54:32","58120000","1251","136","32","137637888","116854784"
"Monitoring","2025/07/17 21:54:32","58816320","1251","136","32","137637888","117514240"
"Monitoring","2025/07/17 21:54:32","59512640","1251","136","32","136994816","117514240"
"Monitoring","2025/07/17 21:54:32","60217152","1251","136","32","137637888","117514240"
"Monitoring","2025/07/17 21:54:32","60913472","1251","136","32","137637888","117514240"
"Monitoring","2025/07/17 21:54:32","57469912","1252","136","32","137678848","116924416"
"Monitoring","2025/07/17 21:54:33","58166232","1252","136","32","137678848","117583872"
"Monitoring","2025/07/17 21:54:33","58862552","1252","136","32","137678848","116924416"
"Monitoring","2025/07/17 21:54:33","59567064","1252","136","32","137678848","117583872"
"Monitoring","2025/07/17 21:54:33","60263384","1252","136","32","137035776","117583872"
"Monitoring","2025/07/17 21:54:33","60959704","1252","136","32","137678848","117583872"
"Monitoring","2025/07/17 21:54:33","57516144","1253","136","32","137715712","117583872"
"Monitoring","2025/07/17 21:54:33","58220656","1253","136","32","137715712","116924416"
"Monitoring","2025/07/17 21:54:33","58916976","1253","136","32","137715712","117583872"
"Monitoring","2025/07/17 21:54:33","59613296","1253","136","32","137072640","117583872"
"Monitoring","2025/07/17 21:54:33","60309616","1253","136","32","137715712","117583872"
"Monitoring","2025/07/17 21:54:33","61005936","1253","136","32","137715712","117649408"
"Monitoring","2025/07/17 21:54:33","57637120","1254","136","32","137752576","116989952"
"Monitoring","2025/07/17 21:54:33","58333440","1254","136","32","137752576","117649408"
"Monitoring","2025/07/17 21:54:33","59029760","1254","136","32","137109504","117649408"
"Monitoring","2025/07/17 21:54:33","59726080","1254","136","32","137752576","117649408"
"Monitoring","2025/07/17 21:54:33","60430592","1254","136","32","137752576","117575680"
"Monitoring","2025/07/17 21:54:33","61126912","1254","136","32","137703424","117641216"
"Monitoring","2025/07/17 21:54:33","57689112","1255","136","32","137166848","117641216"
"Monitoring","2025/07/17 21:54:33","58385432","1255","136","32","137809920","117641216"
"Monitoring","2025/07/17 21:54:34","59081752","1255","136","32","137809920","117641216"
"Monitoring","2025/07/17 21:54:34","59778072","1255","136","32","137809920","116981760"
"Monitoring","2025/07/17 21:54:34","60474392","1255","136","32","137809920","117641216"
"Monitoring","2025/07/17 21:54:34","61178904","1255","136","32","137166848","117706752"
"Monitoring","2025/07/17 21:54:34","57732096","1256","136","32","137850880","117706752"
"Monitoring","2025/07/17 21:54:34","58428416","1256","136","32","137850880","117706752"
"Monitoring","2025/07/17 21:54:34","59124736","1256","136","32","137850880","117047296"
"Monitoring","2025/07/17 21:54:34","59821056","1256","136","32","137850880","117706752"
"Monitoring","2025/07/17 21:54:34","60525568","1256","136","32","137207808","117706752"
"Monitoring","2025/07/17 21:54:34","61221888","1256","136","32","137850880","117772288"
"Monitoring","2025/07/17 21:54:34","57774928","1257","136","32","137887744","117772288"
"Monitoring","2025/07/17 21:54:34","58471248","1257","136","32","137887744","117112832"
"Monitoring","2025/07/17 21:54:34","59167568","1257","136","32","137887744","117772288"
"Monitoring","2025/07/17 21:54:34","59863888","1257","136","32","137244672","117772288"
"Monitoring","2025/07/17 21:54:34","60568400","1257","136","32","137887744","117772288"
"Monitoring","2025/07/17 21:54:34","61264720","1257","136","32","137887744","117772288"
"Monitoring","2025/07/17 21:54:34","57824784","1258","136","32","137920512","117112832"
"Monitoring","2025/07/17 21:54:34","58521104","1258","136","32","137920512","117772288"
"Monitoring","2025/07/17 21:54:34","59217424","1258","136","32","137277440","117772288"
"Monitoring","2025/07/17 21:54:35","59921936","1258","136","32","137920512","117772288"
"Monitoring","2025/07/17 21:54:35","60618256","1258","136","32","137920512","117772288"
"Monitoring","2025/07/17 21:54:35","61314576","1258","136","32","137920512","117178368"
"Monitoring","2025/07/17 21:54:35","57936696","1259","136","32","137965568","117837824"
"Monitoring","2025/07/17 21:54:35","58633016","1259","136","32","137322496","117837824"
"Monitoring","2025/07/17 21:54:35","59337528","1259","136","32","137965568","117837824"
"Monitoring","2025/07/17 21:54:35","60033848","1259","136","32","137322496","117837824"
"Monitoring","2025/07/17 21:54:35","60730168","1259","136","32","137965568","117837824"
"Monitoring","2025/07/17 21:54:35","61426488","1259","136","32","138002432","117903360"
"Monitoring","2025/07/17 21:54:35","57986760","1260","136","32","138067968","117243904"
"Monitoring","2025/07/17 21:54:35","58691272","1260","136","32","138067968","117903360"
"Monitoring","2025/07/17 21:54:35","59387592","1260","136","32","137424896","117903360"
"Monitoring","2025/07/17 21:54:35","60083912","1260","136","32","138067968","117903360"
"Monitoring","2025/07/17 21:54:35","60780232","1260","136","32","138067968","117903360"
"Monitoring","2025/07/17 21:54:35","61476552","1260","136","32","138067968","117309440"
"Monitoring","2025/07/17 21:54:35","58041232","1261","136","32","138108928","117968896"
"Monitoring","2025/07/17 21:54:35","58737552","1261","136","32","137371648","117030912"
"Monitoring","2025/07/17 21:54:35","59433872","1261","136","32","137203712","117579776"
"Monitoring","2025/07/17 21:54:36","60130192","1261","136","32","137846784","117579776"
"Monitoring","2025/07/17 21:54:36","60826512","1261","136","32","137756672","116785152"
"Monitoring","2025/07/17 21:54:36","61514640","1261","136","32","137109504","117510144"
"Monitoring","2025/07/17 21:54:36","58067016","1262","136","32","137789440","117510144"
"Monitoring","2025/07/17 21:54:36","58763336","1262","136","32","137789440","117510144"
"Monitoring","2025/07/17 21:54:36","59451464","1262","136","32","137789440","116850688"
"Monitoring","2025/07/17 21:54:36","60147784","1262","136","32","137789440","117510144"
"Monitoring","2025/07/17 21:54:36","60844104","1262","136","32","138371072","116850688"
"Monitoring","2025/07/17 21:54:36","61540424","1262","136","32","137793536","117526528"
"Monitoring","2025/07/17 21:54:36","58090984","1263","136","32","137183232","117526528"
"Monitoring","2025/07/17 21:54:36","58779112","1263","136","32","137830400","117526528"
"Monitoring","2025/07/17 21:54:36","59475432","1263","136","32","137764864","116850688"
"Monitoring","2025/07/17 21:54:36","60171752","1263","136","32","137834496","117526528"
"Monitoring","2025/07/17 21:54:36","60868072","1263","136","32","137834496","117526528"
"Monitoring","2025/07/17 21:54:37","61564392","1263","136","32","137834496","117592064"
"Monitoring","2025/07/17 21:54:37","58112664","1264","136","32","137867264","116916224"
"Monitoring","2025/07/17 21:54:37","58808984","1264","136","32","137867264","117592064"
"Monitoring","2025/07/17 21:54:37","59505304","1264","136","32","137216000","117592064"
"Monitoring","2025/07/17 21:54:37","60201624","1264","136","32","137867264","117592064"
"Monitoring","2025/07/17 21:54:37","60897944","1264","136","32","137867264","117592064"
"Monitoring","2025/07/17 21:54:37","61586072","1264","136","32","137867264","116916224"
"Monitoring","2025/07/17 21:54:37","57828184","1265","136","32","138272768","117985280"
"Monitoring","2025/07/17 21:54:37","58532696","1265","136","32","137621504","117985280"
"Monitoring","2025/07/17 21:54:37","59229016","1265","136","32","138268672","117985280"
"Monitoring","2025/07/17 21:54:37","59925336","1265","136","32","138268672","117985280"
"Monitoring","2025/07/17 21:54:37","60621656","1265","136","32","138268672","117309440"
"Monitoring","2025/07/17 21:54:37","61309784","1265","136","32","138268672","117985280"
"Monitoring","2025/07/17 21:54:37","57861648","1266","136","32","137625600","117985280"
"Monitoring","2025/07/17 21:54:37","58566160","1266","136","32","138272768","117985280"
"Monitoring","2025/07/17 21:54:37","59262480","1266","136","32","138272768","117985280"
"Monitoring","2025/07/17 21:54:38","59958800","1266","136","32","138272768","117309440"
"Monitoring","2025/07/17 21:54:38","60646928","1266","136","32","138272768","117985280"
"Monitoring","2025/07/17 21:54:38","61343248","1266","136","32","137625600","117985280"
"Monitoring","2025/07/17 21:54:38","57888880","1267","136","32","138272768","117985280"
"Monitoring","2025/07/17 21:54:38","58601584","1267","136","32","138272768","117985280"
"Monitoring","2025/07/17 21:54:38","59297904","1267","136","32","138276864","117309440"
"Monitoring","2025/07/17 21:54:38","59994224","1267","136","32","138276864","117985280"
"Monitoring","2025/07/17 21:54:38","60682352","1267","136","32","137625600","117985280"
"Monitoring","2025/07/17 21:54:38","61378672","1267","136","32","138276864","117985280"
"Monitoring","2025/07/17 21:54:38","57919472","1268","136","32","138276864","117985280"
"Monitoring","2025/07/17 21:54:38","58632176","1268","136","32","138276864","117985280"
"Monitoring","2025/07/17 21:54:38","59328496","1268","136","32","138276864","117309440"
"Monitoring","2025/07/17 21:54:38","60016624","1268","136","32","138276864","117985280"
"Monitoring","2025/07/17 21:54:38","60712944","1268","136","32","138276864","117985280"
"Monitoring","2025/07/17 21:54:38","61409264","1268","136","32","138276864","117309440"
"Monitoring","2025/07/17 21:54:39","57954744","1269","136","32","138272768","117985280"
"Monitoring","2025/07/17 21:54:39","58667448","1269","136","32","138272768","117985280"
"Monitoring","2025/07/17 21:54:39","59363768","1269","136","32","138272768","117309440"
"Monitoring","2025/07/17 21:54:39","60051896","1269","136","32","138272768","117985280"
"Monitoring","2025/07/17 21:54:39","60748216","1269","136","32","138272768","117985280"
"Monitoring","2025/07/17 21:54:39","61444536","1269","136","32","138272768","117309440"
"Monitoring","2025/07/17 21:54:39","58078296","1270","136","32","138272768","117985280"
"Monitoring","2025/07/17 21:54:39","58791000","1270","136","32","138272768","117985280"
"Monitoring","2025/07/17 21:54:39","59487320","1270","136","32","138272768","117309440"
"Monitoring","2025/07/17 21:54:39","60175448","1270","136","32","138272768","117985280"
"Monitoring","2025/07/17 21:54:39","60871768","1270","136","32","138272768","117985280"
"Monitoring","2025/07/17 21:54:39","61568088","1270","136","32","138272768","117985280"
"Monitoring","2025/07/17 21:54:39","58114392","1271","136","32","137658368","117985280"
"Monitoring","2025/07/17 21:54:39","58827096","1271","136","32","138305536","117985280"
"Monitoring","2025/07/17 21:54:40","59515224","1271","136","32","138305536","117985280"
"Monitoring","2025/07/17 21:54:40","60211544","1271","136","32","137658368","117985280"
"Monitoring","2025/07/17 21:54:40","60907864","1271","136","32","138305536","117985280"
"Monitoring","2025/07/17 21:54:40","61604184","1271","136","32","138305536","117985280"
"Monitoring","2025/07/17 21:54:40","58148496","1272","136","32","137699328","118050816"
"Monitoring","2025/07/17 21:54:40","58861200","1272","136","32","138346496","118050816"
"Monitoring","2025/07/17 21:54:40","59549328","1272","136","32","138346496","118050816"
"Monitoring","2025/07/17 21:54:40","60245648","1272","136","32","137699328","118050816"
"Monitoring","2025/07/17 21:54:40","60941968","1272","136","32","138346496","118050816"
"Monitoring","2025/07/17 21:54:40","61638288","1272","136","32","138346496","118050816"
"Monitoring","2025/07/17 21:54:40","58183088","1273","136","32","137744384","118116352"
"Monitoring","2025/07/17 21:54:40","58895792","1273","136","32","138391552","118116352"
"Monitoring","2025/07/17 21:54:40","59592112","1273","136","32","138391552","118116352"
"Monitoring","2025/07/17 21:54:40","60288432","1273","136","32","137744384","118116352"
"Monitoring","2025/07/17 21:54:40","60976560","1273","136","32","138391552","118116352"
"Monitoring","2025/07/17 21:54:40","61672880","1273","136","32","138391552","118116352"
"Monitoring","2025/07/17 21:54:40","58287136","1274","136","32","137785344","118116352"
"Monitoring","2025/07/17 21:54:40","58991648","1274","136","32","138432512","118116352"
"Monitoring","2025/07/17 21:54:41","59687968","1274","136","32","138432512","118116352"
"Monitoring","2025/07/17 21:54:41","60384288","1274","136","32","137785344","118116352"
"Monitoring","2025/07/17 21:54:41","61080608","1274","136","32","138432512","118116352"
"Monitoring","2025/07/17 21:54:41","61768736","1274","136","32","138432512","118116352"
"Monitoring","2025/07/17 21:54:41","58308648","1275","136","32","137887744","118247424"
"Monitoring","2025/07/17 21:54:41","59013160","1275","136","32","138534912","118247424"
"Monitoring","2025/07/17 21:54:41","59709480","1275","136","32","138534912","118247424"
"Monitoring","2025/07/17 21:54:41","60405800","1275","136","32","137887744","118247424"
"Monitoring","2025/07/17 21:54:41","61102120","1275","136","32","138534912","118247424"
"Monitoring","2025/07/17 21:54:41","61798440","1275","136","32","138534912","118247424"
"Monitoring","2025/07/17 21:54:41","58342944","1276","136","32","137920512","118247424"
"Monitoring","2025/07/17 21:54:41","59047456","1276","136","32","138571776","118247424"
"Monitoring","2025/07/17 21:54:41","59743776","1276","136","32","138571776","118247424"
"Monitoring","2025/07/17 21:54:41","60440096","1276","136","32","137920512","118247424"
"Monitoring","2025/07/17 21:54:41","61136416","1276","136","32","138571776","118247424"
"Monitoring","2025/07/17 21:54:41","61832736","1276","136","32","138571776","118247424"
"Monitoring","2025/07/17 21:54:42","58375784","1277","136","32","137961472","118312960"
"Monitoring","2025/07/17 21:54:42","59080296","1277","136","32","138608640","118312960"
"Monitoring","2025/07/17 21:54:42","59776616","1277","136","32","138608640","118312960"
"Monitoring","2025/07/17 21:54:42","60472936","1277","136","32","137961472","118312960"
"Monitoring","2025/07/17 21:54:42","61169256","1277","136","32","138608640","118312960"
"Monitoring","2025/07/17 21:54:42","61865576","1277","136","32","138608640","118312960"
"Monitoring","2025/07/17 21:54:42","58409904","1278","136","32","138006528","118378496"
"Monitoring","2025/07/17 21:54:42","59122608","1278","136","32","138653696","118378496"
"Monitoring","2025/07/17 21:54:42","59818928","1278","136","32","138653696","118378496"
"Monitoring","2025/07/17 21:54:42","60515248","1278","136","32","138006528","118378496"
"Monitoring","2025/07/17 21:54:42","61203376","1278","136","32","138653696","118378496"
"Monitoring","2025/07/17 21:54:42","61899696","1278","136","32","138653696","118378496"
"Monitoring","2025/07/17 21:54:42","58518376","1279","136","32","138047488","118378496"
"Monitoring","2025/07/17 21:54:42","59222888","1279","136","32","138694656","118378496"
"Monitoring","2025/07/17 21:54:42","59919208","1279","136","32","138694656","118378496"
"Monitoring","2025/07/17 21:54:42","60615528","1279","136","32","138047488","118362112"
"Monitoring","2025/07/17 21:54:42","61311848","1279","136","32","138690560","118362112"
"Monitoring","2025/07/17 21:54:43","62008168","1279","136","32","139272192","118378496"
"Monitoring","2025/07/17 21:54:43","58532792","1280","136","32","138805248","118509568"
"Monitoring","2025/07/17 21:54:43","59237304","1280","136","32","138805248","117833728"
"Monitoring","2025/07/17 21:54:43","59933624","1280","136","32","138805248","118509568"
"Monitoring","2025/07/17 21:54:43","60629944","1280","136","32","138805248","118509568"
"Monitoring","2025/07/17 21:54:43","61326264","1280","136","32","138805248","117833728"
"Monitoring","2025/07/17 21:54:43","62022584","1280","136","32","138805248","118509568"
"Monitoring","2025/07/17 21:54:43","58565184","1281","136","32","138825728","118509568"
"Monitoring","2025/07/17 21:54:43","59277888","1281","136","32","138825728","117833728"
"Monitoring","2025/07/17 21:54:43","59974208","1281","136","32","138825728","118509568"
"Monitoring","2025/07/17 21:54:43","60670528","1281","136","32","138825728","118509568"
"Monitoring","2025/07/17 21:54:43","61366848","1281","136","32","138825728","117833728"
"Monitoring","2025/07/17 21:54:43","62063168","1281","136","32","138825728","118509568"
"Monitoring","2025/07/17 21:54:43","58597136","1282","136","32","138866688","118575104"
"Monitoring","2025/07/17 21:54:43","59309840","1282","136","32","138870784","117899264"
"Monitoring","2025/07/17 21:54:43","60006160","1282","136","32","138866688","118575104"
"Monitoring","2025/07/17 21:54:43","60702480","1282","136","32","138866688","119152640"
"Monitoring","2025/07/17 21:54:44","61398800","1282","136","32","139444224","117899264"
"Monitoring","2025/07/17 21:54:44","62095120","1282","136","32","138862592","118558720"
"Monitoring","2025/07/17 21:54:44","58637680","1283","136","32","138903552","118558720"
"Monitoring","2025/07/17 21:54:44","59350384","1283","136","32","138903552","117899264"
"Monitoring","2025/07/17 21:54:44","60046704","1283","136","32","138903552","118558720"
"Monitoring","2025/07/17 21:54:44","60743024","1283","136","32","138903552","118558720"
"Monitoring","2025/07/17 21:54:44","61439344","1283","136","32","138903552","117899264"
"Monitoring","2025/07/17 21:54:44","62127472","1283","136","32","138903552","118558720"
"Monitoring","2025/07/17 21:54:44","58672008","1284","136","32","138948608","118624256"
"Monitoring","2025/07/17 21:54:44","59392952","1284","136","32","138948608","117964800"
"Monitoring","2025/07/17 21:54:44","60097512","1284","136","32","138952704","118640640"
"Monitoring","2025/07/17 21:54:44","60802072","1284","136","32","138952704","118640640"
"Monitoring","2025/07/17 21:54:44","61506632","1284","136","32","138952704","117964800"
"Monitoring","2025/07/17 21:54:44","62203000","1284","136","32","138952704","118640640"
"Monitoring","2025/07/17 21:54:44","62907832","1284","136","32","139137024","118968320"
"Monitoring","2025/07/17 21:54:44","58914224","1285","136","32","139608064","118624256"
"Monitoring","2025/07/17 21:54:44","59635168","1285","136","32","139608064","119300096"
"Monitoring","2025/07/17 21:54:45","60339728","1285","136","32","139608064","119300096"
"Monitoring","2025/07/17 21:54:45","61044288","1285","136","32","139608064","119300096"
"Monitoring","2025/07/17 21:54:45","61748848","1285","136","32","138960896","119300096"
"Monitoring","2025/07/17 21:54:45","62453408","1285","136","32","139608064","119300096"
"Monitoring","2025/07/17 21:54:45","58980064","1286","136","32","139612160","119300096"
"Monitoring","2025/07/17 21:54:45","59701008","1286","136","32","138964992","119300096"
"Monitoring","2025/07/17 21:54:45","60405568","1286","136","32","139612160","119300096"
"Monitoring","2025/07/17 21:54:45","61110128","1286","136","32","139612160","119300096"
"Monitoring","2025/07/17 21:54:45","61806496","1286","136","32","138964992","119300096"
"Monitoring","2025/07/17 21:54:45","62511056","1286","136","32","139612160","119300096"
"Monitoring","2025/07/17 21:54:45","59078056","1287","136","32","139612160","119300096"
"Monitoring","2025/07/17 21:54:45","59782616","1287","136","32","138964992","119300096"
"Monitoring","2025/07/17 21:54:45","60487176","1287","136","32","139612160","119300096"
"Monitoring","2025/07/17 21:54:45","61191736","1287","136","32","139612160","119300096"
"Monitoring","2025/07/17 21:54:45","61896296","1287","136","32","138964992","119300096"
"Monitoring","2025/07/17 21:54:45","62600856","1287","136","32","139612160","119300096"
"Monitoring","2025/07/17 21:54:45","59154904","1288","136","32","139612160","119300096"
"Monitoring","2025/07/17 21:54:46","59859464","1288","136","32","138964992","119300096"
"Monitoring","2025/07/17 21:54:46","60564024","1288","136","32","139612160","119300096"
"Monitoring","2025/07/17 21:54:46","61268584","1288","136","32","139612160","119300096"
"Monitoring","2025/07/17 21:54:46","61973144","1288","136","32","138964992","119300096"
"Monitoring","2025/07/17 21:54:46","62677704","1288","136","32","139612160","119300096"
"Monitoring","2025/07/17 21:54:46","59243568","1289","136","32","139612160","119300096"
"Monitoring","2025/07/17 21:54:46","59948128","1289","136","32","138964992","119300096"
"Monitoring","2025/07/17 21:54:46","60652688","1289","136","32","139612160","119300096"
"Monitoring","2025/07/17 21:54:46","61357248","1289","136","32","139612160","119300096"
"Monitoring","2025/07/17 21:54:46","62061808","1289","136","32","138964992","119300096"
"Monitoring","2025/07/17 21:54:46","62766368","1289","136","32","139612160","119300096"
"Monitoring","2025/07/17 21:54:46","59319944","1290","136","32","139612160","119300096"
"Monitoring","2025/07/17 21:54:46","60024504","1290","136","32","138964992","119283712"
"Monitoring","2025/07/17 21:54:46","60729064","1290","136","32","139608064","119283712"
"Monitoring","2025/07/17 21:54:46","61433624","1290","136","32","139608064","119283712"
"Monitoring","2025/07/17 21:54:46","62138184","1290","136","32","138964992","119283712"
"Monitoring","2025/07/17 21:54:46","62842744","1290","136","32","139608064","119283712"
"Monitoring","2025/07/17 21:54:47","59374944","1291","136","32","139608064","119283712"
"Monitoring","2025/07/17 21:54:47","60079504","1291","136","32","138964992","119283712"
"Monitoring","2025/07/17 21:54:47","60784064","1291","136","32","139608064","119283712"
"Monitoring","2025/07/17 21:54:47","61488624","1291","136","32","139608064","119283712"
"Monitoring","2025/07/17 21:54:47","62193184","1291","136","32","138964992","119283712"
"Monitoring","2025/07/17 21:54:47","62897744","1291","136","32","139608064","119283712"
"Monitoring","2025/07/17 21:54:47","59458208","1292","136","32","139608064","119283712"
"Monitoring","2025/07/17 21:54:47","60162768","1292","136","32","138964992","119283712"
"Monitoring","2025/07/17 21:54:47","60867328","1292","136","32","139608064","119283712"
"Monitoring","2025/07/17 21:54:47","61571888","1292","136","32","139608064","119283712"
"Monitoring","2025/07/17 21:54:47","62276448","1292","136","32","138964992","119283712"
"Monitoring","2025/07/17 21:54:47","62981008","1292","136","32","139608064","119283712"
"Monitoring","2025/07/17 21:54:47","59557008","1293","136","32","139608064","119283712"
"Monitoring","2025/07/17 21:54:47","60261568","1293","136","32","138964992","119283712"
"Monitoring","2025/07/17 21:54:47","60966128","1293","136","32","139608064","119283712"
"Monitoring","2025/07/17 21:54:47","61670688","1293","136","32","139608064","119283712"
"Monitoring","2025/07/17 21:54:47","62375248","1293","136","32","138964992","119283712"
"Monitoring","2025/07/17 21:54:48","63079808","1293","136","32","139608064","119283712"
"Monitoring","2025/07/17 21:54:48","59647032","1294","136","32","139608064","119283712"
"Monitoring","2025/07/17 21:54:48","60351592","1294","136","32","138964992","119283712"
"Monitoring","2025/07/17 21:54:48","61056152","1294","136","32","139608064","119283712"
"Monitoring","2025/07/17 21:54:48","61760712","1294","136","32","139608064","119283712"
"Monitoring","2025/07/17 21:54:48","62465272","1294","136","32","138964992","119283712"
"Monitoring","2025/07/17 21:54:48","63169832","1294","136","32","139608064","119283712"
"Monitoring","2025/07/17 21:54:48","59732552","1295","136","32","139608064","119283712"
"Monitoring","2025/07/17 21:54:48","60437112","1295","136","32","138964992","119283712"
"Monitoring","2025/07/17 21:54:48","61141672","1295","136","32","139608064","119283712"
"Monitoring","2025/07/17 21:54:48","61846232","1295","136","32","139608064","119283712"
"Monitoring","2025/07/17 21:54:48","62550792","1295","136","32","139608064","119283712"
"Monitoring","2025/07/17 21:54:48","63255352","1295","136","32","139608064","119283712"
"Monitoring","2025/07/17 21:54:48","59819792","1296","136","32","139608064","119283712"
"Monitoring","2025/07/17 21:54:48","60524352","1296","136","32","139608064","119283712"
"Monitoring","2025/07/17 21:54:48","61228912","1296","136","32","139608064","119283712"
"Monitoring","2025/07/17 21:54:48","61933472","1296","136","32","139608064","119283712"
"Monitoring","2025/07/17 21:54:49","62638032","1296","136","32","139608064","119283712"
"Monitoring","2025/07/17 21:54:49","63342592","1296","136","32","139608064","119349248"
"Monitoring","2025/07/17 21:54:49","59617800","1297","136","32","139890688","119545856"
"Monitoring","2025/07/17 21:54:49","60322360","1297","136","32","139829248","119447552"
"Monitoring","2025/07/17 21:54:49","61026920","1297","136","32","139186176","119447552"
"Monitoring","2025/07/17 21:54:49","61731480","1297","136","32","139829248","119447552"
"Monitoring","2025/07/17 21:54:49","62436040","1297","136","32","139829248","119447552"
"Monitoring","2025/07/17 21:54:49","63140600","1297","136","32","139829248","119447552"
"Monitoring","2025/07/17 21:54:49","59694616","1298","136","32","139829248","119447552"
"Monitoring","2025/07/17 21:54:49","60399176","1298","136","32","139829248","119447552"
"Monitoring","2025/07/17 21:54:49","61103736","1298","136","32","139829248","119447552"
"Monitoring","2025/07/17 21:54:49","61808296","1298","136","32","139829248","119447552"
"Monitoring","2025/07/17 21:54:49","62512856","1298","136","32","139829248","119447552"
"Monitoring","2025/07/17 21:54:49","63217416","1298","136","32","139829248","119447552"
"Monitoring","2025/07/17 21:54:49","59782664","1299","136","32","139829248","119447552"
"Monitoring","2025/07/17 21:54:49","60487224","1299","136","32","139829248","119447552"
"Monitoring","2025/07/17 21:54:50","61191784","1299","136","32","139829248","119447552"
"Monitoring","2025/07/17 21:54:50","61896344","1299","136","32","139829248","119447552"
"Monitoring","2025/07/17 21:54:50","62600904","1299","136","32","139829248","119447552"
"Monitoring","2025/07/17 21:54:50","63297272","1299","136","32","139829248","119447552"
"Monitoring","2025/07/17 21:54:50","59873464","1300","136","32","139829248","119447552"
"Monitoring","2025/07/17 21:54:50","60578024","1300","136","32","139829248","119447552"
"Monitoring","2025/07/17 21:54:50","61282584","1300","136","32","139829248","119447552"
"Monitoring","2025/07/17 21:54:50","61987144","1300","136","32","139829248","119447552"
"Monitoring","2025/07/17 21:54:50","62691704","1300","136","32","139829248","119447552"
"Monitoring","2025/07/17 21:54:50","63396264","1300","136","32","139829248","119447552"
"Monitoring","2025/07/17 21:54:50","59963200","1301","136","32","139829248","119447552"
"Monitoring","2025/07/17 21:54:50","60659568","1301","136","32","139829248","119447552"
"Monitoring","2025/07/17 21:54:50","61364128","1301","136","32","139829248","119447552"
"Monitoring","2025/07/17 21:54:50","62068688","1301","136","32","139829248","119447552"
"Monitoring","2025/07/17 21:54:50","62773248","1301","136","32","139829248","119447552"
"Monitoring","2025/07/17 21:54:50","63477808","1301","136","32","139829248","119447552"
"Monitoring","2025/07/17 21:54:51","60039832","1302","136","32","139829248","118788096"
"Monitoring","2025/07/17 21:54:51","60744392","1302","136","32","139829248","119447552"
"Monitoring","2025/07/17 21:54:51","61448952","1302","136","32","139829248","119447552"
"Monitoring","2025/07/17 21:54:51","62145320","1302","136","32","139829248","118788096"
"Monitoring","2025/07/17 21:54:51","62849880","1302","136","32","139829248","119447552"
"Monitoring","2025/07/17 21:54:51","63554440","1302","136","32","139829248","119447552"
"Monitoring","2025/07/17 21:54:51","59767920","1303","136","32","140161024","119181312"
"Monitoring","2025/07/17 21:54:51","60488864","1303","136","32","140161024","119840768"
"Monitoring","2025/07/17 21:54:51","61193424","1303","136","32","140161024","119840768"
"Monitoring","2025/07/17 21:54:51","61889792","1303","136","32","140161024","119181312"
"Monitoring","2025/07/17 21:54:51","62594352","1303","136","32","139517952","119840768"
"Monitoring","2025/07/17 21:54:51","63298912","1303","136","32","140161024","119840768"
"Monitoring","2025/07/17 21:54:51","59868400","1304","136","32","140161024","119840768"
"Monitoring","2025/07/17 21:54:51","60572960","1304","136","32","139517952","119840768"
"Monitoring","2025/07/17 21:54:52","61277520","1304","136","32","140161024","119840768"
"Monitoring","2025/07/17 21:54:52","61982080","1304","136","32","140161024","119840768"
"Monitoring","2025/07/17 21:54:52","62686640","1304","136","32","140161024","119840768"
"Monitoring","2025/07/17 21:54:52","63391200","1304","136","32","140161024","119840768"
"Monitoring","2025/07/17 21:54:52","59942072","1305","136","32","140161024","119840768"
"Monitoring","2025/07/17 21:54:52","60646632","1305","136","32","140161024","119840768"
"Monitoring","2025/07/17 21:54:52","61343000","1305","136","32","140161024","119840768"
"Monitoring","2025/07/17 21:54:52","62047560","1305","136","32","140161024","119840768"
"Monitoring","2025/07/17 21:54:52","62752120","1305","136","32","140161024","119840768"
"Monitoring","2025/07/17 21:54:52","63456680","1305","136","32","140161024","119840768"
"Monitoring","2025/07/17 21:54:52","60021968","1306","136","32","140161024","119840768"
"Monitoring","2025/07/17 21:54:52","60726528","1306","136","32","140161024","119840768"
"Monitoring","2025/07/17 21:54:52","61431088","1306","136","32","140161024","119840768"
"Monitoring","2025/07/17 21:54:52","62135648","1306","136","32","140161024","119840768"
"Monitoring","2025/07/17 21:54:52","62840208","1306","136","32","140161024","119840768"
"Monitoring","2025/07/17 21:54:52","63544768","1306","136","32","140161024","119840768"
"Monitoring","2025/07/17 21:54:53","60102296","1307","136","32","140161024","119840768"
"Monitoring","2025/07/17 21:54:53","60806856","1307","136","32","140161024","119840768"
"Monitoring","2025/07/17 21:54:53","61511416","1307","136","32","140161024","119840768"
"Monitoring","2025/07/17 21:54:53","62215976","1307","136","32","140161024","119840768"
"Monitoring","2025/07/17 21:54:53","62920536","1307","136","32","140161024","119840768"
"Monitoring","2025/07/17 21:54:53","63625096","1307","136","32","140161024","119840768"
"Monitoring","2025/07/17 21:54:53","60182776","1308","136","32","140161024","119840768"
"Monitoring","2025/07/17 21:54:53","60887336","1308","136","32","140742656","120434688"
"Monitoring","2025/07/17 21:54:53","61591896","1308","136","32","140169216","119857152"
"Monitoring","2025/07/17 21:54:53","62296456","1308","136","32","139517952","119857152"
"Monitoring","2025/07/17 21:54:53","63001016","1308","136","32","140169216","119857152"
"Monitoring","2025/07/17 21:54:53","63705576","1308","136","32","140169216","119857152"
"Monitoring","2025/07/17 21:54:53","60322480","1309","136","32","139517952","119857152"
"Monitoring","2025/07/17 21:54:53","61018848","1309","136","32","140169216","119857152"
"Monitoring","2025/07/17 21:54:53","61723408","1309","136","32","140169216","119857152"
"Monitoring","2025/07/17 21:54:53","62427968","1309","136","32","139517952","119857152"
"Monitoring","2025/07/17 21:54:53","63132528","1309","136","32","140169216","119857152"
"Monitoring","2025/07/17 21:54:53","63837088","1309","136","32","140169216","119857152"
"Monitoring","2025/07/17 21:54:54","60405200","1310","136","32","139517952","119857152"
"Monitoring","2025/07/17 21:54:54","61109760","1310","136","32","140169216","119857152"
"Monitoring","2025/07/17 21:54:54","61814320","1310","136","32","140169216","119857152"
"Monitoring","2025/07/17 21:54:54","62518880","1310","136","32","139517952","119857152"
"Monitoring","2025/07/17 21:54:54","63223440","1310","136","32","140169216","119857152"
"Monitoring","2025/07/17 21:54:54","63928000","1310","136","32","140169216","119857152"
"Monitoring","2025/07/17 21:54:54","60486904","1311","136","32","139546624","119857152"
"Monitoring","2025/07/17 21:54:54","61191464","1311","136","32","140197888","119857152"
"Monitoring","2025/07/17 21:54:54","61887832","1311","136","32","140197888","119857152"
"Monitoring","2025/07/17 21:54:54","62592392","1311","136","32","139546624","119857152"
"Monitoring","2025/07/17 21:54:54","63296952","1311","136","32","140197888","119857152"
"Monitoring","2025/07/17 21:54:54","64001512","1311","136","32","140197888","119857152"
"Monitoring","2025/07/17 21:54:54","60569888","1312","136","32","139579392","119857152"
"Monitoring","2025/07/17 21:54:54","61274448","1312","136","32","140230656","119857152"
"Monitoring","2025/07/17 21:54:54","61979008","1312","136","32","140230656","119857152"
"Monitoring","2025/07/17 21:54:54","62683568","1312","136","32","139579392","119857152"
"Monitoring","2025/07/17 21:54:54","63388128","1312","136","32","140230656","119857152"
"Monitoring","2025/07/17 21:54:54","64092688","1312","136","32","140271616","119922688"
"Monitoring","2025/07/17 21:54:55","60657128","1313","136","32","140271616","119922688"
"Monitoring","2025/07/17 21:54:55","61361688","1313","136","32","140271616","119922688"
"Monitoring","2025/07/17 21:54:55","62066248","1313","136","32","140271616","119922688"
"Monitoring","2025/07/17 21:54:55","62770808","1313","136","32","140271616","119922688"
"Monitoring","2025/07/17 21:54:55","63475368","1313","136","32","140271616","119922688"
"Monitoring","2025/07/17 21:54:55","60007088","1314","136","32","140308480","119988224"
"Monitoring","2025/07/17 21:54:55","60719840","1314","136","32","140308480","119988224"
"Monitoring","2025/07/17 21:54:55","61424400","1314","136","32","140308480","119988224"
"Monitoring","2025/07/17 21:54:55","62128960","1314","136","32","140308480","119988224"
"Monitoring","2025/07/17 21:54:55","62833520","1314","136","32","140308480","119988224"
"Monitoring","2025/07/17 21:54:55","63538080","1314","136","32","140308480","119312384"
"Monitoring","2025/07/17 21:54:55","60161232","1315","136","32","140328960","119988224"
"Monitoring","2025/07/17 21:54:55","60882176","1315","136","32","140328960","119988224"
"Monitoring","2025/07/17 21:54:55","61586736","1315","136","32","140328960","119312384"
"Monitoring","2025/07/17 21:54:55","62291296","1315","136","32","140328960","119988224"
"Monitoring","2025/07/17 21:54:55","62995856","1315","136","32","140328960","119988224"
"Monitoring","2025/07/17 21:54:56","63700416","1315","136","32","140328960","119312384"
"Monitoring","2025/07/17 21:54:56","60249136","1316","136","32","140443648","120119296"
"Monitoring","2025/07/17 21:54:56","60970080","1316","136","32","140443648","120119296"
"Monitoring","2025/07/17 21:54:56","61674640","1316","136","32","140443648","119443456"
"Monitoring","2025/07/17 21:54:56","62379200","1316","136","32","140443648","120119296"
"Monitoring","2025/07/17 21:54:56","63083760","1316","136","32","140443648","120119296"
"Monitoring","2025/07/17 21:54:56","63788320","1316","136","32","140443648","119443456"
"Monitoring","2025/07/17 21:54:56","60354192","1317","136","32","140484608","120119296"
"Monitoring","2025/07/17 21:54:56","61075136","1317","136","32","140484608","120119296"
"Monitoring","2025/07/17 21:54:56","61779696","1317","136","32","140484608","119443456"
"Monitoring","2025/07/17 21:54:56","62476064","1317","136","32","140484608","120119296"
"Monitoring","2025/07/17 21:54:56","63180624","1317","136","32","140484608","120119296"
"Monitoring","2025/07/17 21:54:56","63885184","1317","136","32","140484608","119443456"
"Monitoring","2025/07/17 21:54:56","60419112","1318","136","32","140541952","120184832"
"Monitoring","2025/07/17 21:54:56","61131864","1318","136","32","140541952","120184832"
"Monitoring","2025/07/17 21:54:57","61836424","1318","136","32","140541952","119508992"
"Monitoring","2025/07/17 21:54:57","62540984","1318","136","32","140541952","120184832"
"Monitoring","2025/07/17 21:54:57","63245544","1318","136","32","140541952","120184832"
"Monitoring","2025/07/17 21:54:57","63950104","1318","136","32","140541952","120184832"
"Monitoring","2025/07/17 21:54:57","60477552","1319","136","32","139902976","120184832"
"Monitoring","2025/07/17 21:54:57","61198496","1319","136","32","140554240","120184832"
"Monitoring","2025/07/17 21:54:57","61903056","1319","136","32","140554240","120184832"
"Monitoring","2025/07/17 21:54:57","62607616","1319","136","32","139902976","120184832"
"Monitoring","2025/07/17 21:54:57","63312176","1319","136","32","140554240","120184832"
"Monitoring","2025/07/17 21:54:57","64016736","1319","136","32","140554240","120184832"
"Monitoring","2025/07/17 21:54:57","60583672","1320","136","32","139919360","120250368"
"Monitoring","2025/07/17 21:54:57","61288232","1320","136","32","140570624","120250368"
"Monitoring","2025/07/17 21:54:57","61992792","1320","136","32","140570624","120250368"
"Monitoring","2025/07/17 21:54:57","62697352","1320","136","32","140570624","120250368"
"Monitoring","2025/07/17 21:54:57","63401912","1320","136","32","140570624","120250368"
"Monitoring","2025/07/17 21:54:57","64106472","1320","136","32","140570624","120250368"
"Monitoring","2025/07/17 21:54:57","64808376","1320","136","32","140984320","120774656"
"Monitoring","2025/07/17 21:54:58","60884864","1321","136","32","141164544","120840192"
"Monitoring","2025/07/17 21:54:58","61589424","1321","136","32","141164544","120840192"
"Monitoring","2025/07/17 21:54:58","62293984","1321","136","32","141164544","120840192"
"Monitoring","2025/07/17 21:54:58","62990352","1321","136","32","141164544","120840192"
"Monitoring","2025/07/17 21:54:58","63694912","1321","136","32","141164544","120840192"
"Monitoring","2025/07/17 21:54:58","64399472","1321","136","32","141164544","120840192"
"Monitoring","2025/07/17 21:54:58","60965104","1322","136","32","141164544","120164352"
"Monitoring","2025/07/17 21:54:58","61669664","1322","136","32","141164544","120840192"
"Monitoring","2025/07/17 21:54:58","62374224","1322","136","32","141164544","120840192"
"Monitoring","2025/07/17 21:54:58","63078784","1322","136","32","141164544","120164352"
"Monitoring","2025/07/17 21:54:58","63783344","1322","136","32","141164544","120840192"
"Monitoring","2025/07/17 21:54:58","64487904","1322","136","32","141164544","120840192"
"Monitoring","2025/07/17 21:54:58","61039272","1323","136","32","141164544","120164352"
"Monitoring","2025/07/17 21:54:58","61743832","1323","136","32","141164544","120840192"
"Monitoring","2025/07/17 21:54:58","62448392","1323","136","32","141164544","120840192"
"Monitoring","2025/07/17 21:54:58","63152952","1323","136","32","141164544","120164352"
"Monitoring","2025/07/17 21:54:59","63857512","1323","136","32","141164544","120840192"
"Monitoring","2025/07/17 21:54:59","64562072","1323","136","32","141164544","120840192"
"Monitoring","2025/07/17 21:54:59","61121600","1324","136","32","141164544","120164352"
"Monitoring","2025/07/17 21:54:59","61826160","1324","136","32","141164544","120840192"
"Monitoring","2025/07/17 21:54:59","62530720","1324","136","32","141164544","120840192"
"Monitoring","2025/07/17 21:54:59","63235280","1324","136","32","141164544","120164352"
"Monitoring","2025/07/17 21:54:59","63939840","1324","136","32","141164544","120840192"
"Monitoring","2025/07/17 21:54:59","64644400","1324","136","32","141164544","120840192"
"Monitoring","2025/07/17 21:54:59","61200624","1325","136","32","141164544","120164352"
"Monitoring","2025/07/17 21:54:59","61905184","1325","136","32","141164544","120840192"
"Monitoring","2025/07/17 21:54:59","62609744","1325","136","32","141164544","120840192"
"Monitoring","2025/07/17 21:54:59","63314304","1325","136","32","141164544","120164352"
"Monitoring","2025/07/17 21:54:59","64018864","1325","136","32","141164544","120840192"
"Monitoring","2025/07/17 21:54:59","60557584","1326","136","32","141164544","120840192"
"Monitoring","2025/07/17 21:54:59","61270336","1326","136","32","141164544","120164352"
"Monitoring","2025/07/17 21:54:59","61974896","1326","136","32","141164544","120840192"
"Monitoring","2025/07/17 21:55:00","62679456","1326","136","32","141164544","120840192"
"Monitoring","2025/07/17 21:55:00","63384016","1326","136","32","141164544","120164352"
"Monitoring","2025/07/17 21:55:00","64088576","1326","136","32","141164544","120840192"
"Monitoring","2025/07/17 21:55:00","64793136","1326","136","32","141164544","116760576"
"Monitoring","2025/07/17 21:55:00","57500688","1327","137","32","137142272","116084736"
"Monitoring","2025/07/17 21:55:00","58205248","1327","137","32","137142272","116760576"
"Monitoring","2025/07/17 21:55:00","58909808","1327","137","32","137142272","116760576"
"Monitoring","2025/07/17 21:55:00","59614368","1327","137","32","137142272","116084736"
"Monitoring","2025/07/17 21:55:00","60318928","1327","137","32","137142272","116760576"
"Monitoring","2025/07/17 21:55:00","56915616","1328","137","32","137146368","116826112"
"Monitoring","2025/07/17 21:55:00","57636560","1328","137","32","137146368","116150272"
"Monitoring","2025/07/17 21:55:00","58341120","1328","137","32","137146368","116826112"
"Monitoring","2025/07/17 21:55:00","59045680","1328","137","32","137146368","116826112"
"Monitoring","2025/07/17 21:55:00","59750240","1328","137","32","137146368","116150272"
"Monitoring","2025/07/17 21:55:00","60454800","1328","137","32","137146368","116826112"
"Monitoring","2025/07/17 21:55:00","57047944","1329","137","32","137228288","116895744"
"Monitoring","2025/07/17 21:55:00","57768888","1329","137","32","137228288","116219904"
"Monitoring","2025/07/17 21:55:01","58473448","1329","137","32","137228288","116895744"
"Monitoring","2025/07/17 21:55:01","59178008","1329","137","32","137228288","116895744"
"Monitoring","2025/07/17 21:55:01","59882568","1329","137","32","137228288","116895744"
"Monitoring","2025/07/17 21:55:01","60587128","1329","137","32","136577024","116895744"
"Monitoring","2025/07/17 21:55:01","57209872","1330","137","32","137314304","116961280"
"Monitoring","2025/07/17 21:55:01","57922624","1330","137","32","137314304","116961280"
"Monitoring","2025/07/17 21:55:01","58627184","1330","137","32","136663040","116961280"
"Monitoring","2025/07/17 21:55:01","59331744","1330","137","32","137314304","116961280"
"Monitoring","2025/07/17 21:55:01","60036304","1330","137","32","137314304","116961280"
"Monitoring","2025/07/17 21:55:01","60740864","1330","137","32","136663040","116961280"
"Monitoring","2025/07/17 21:55:01","57308264","1331","137","32","137420800","117092352"
"Monitoring","2025/07/17 21:55:01","58029208","1331","137","32","137420800","117092352"
"Monitoring","2025/07/17 21:55:01","58733768","1331","137","32","136769536","117092352"
"Monitoring","2025/07/17 21:55:01","59438328","1331","137","32","137420800","117092352"
"Monitoring","2025/07/17 21:55:01","60142888","1331","137","32","137420800","117092352"
"Monitoring","2025/07/17 21:55:01","60847448","1331","137","32","136769536","117092352"
"Monitoring","2025/07/17 21:55:01","57371304","1332","137","32","137478144","117157888"
"Monitoring","2025/07/17 21:55:02","58092248","1332","137","32","137478144","117157888"
"Monitoring","2025/07/17 21:55:02","58796808","1332","137","32","137478144","117157888"
"Monitoring","2025/07/17 21:55:02","59501368","1332","137","32","137478144","117157888"
"Monitoring","2025/07/17 21:55:02","60205928","1332","137","32","137478144","117157888"
"Monitoring","2025/07/17 21:55:02","60910488","1332","137","32","137478144","117157888"
"Monitoring","2025/07/17 21:55:02","57443672","1333","137","32","137490432","116482048"
"Monitoring","2025/07/17 21:55:02","58156424","1333","137","32","137490432","117157888"
"Monitoring","2025/07/17 21:55:02","58860984","1333","137","32","137490432","117157888"
"Monitoring","2025/07/17 21:55:02","59565544","1333","137","32","137490432","116482048"
"Monitoring","2025/07/17 21:55:02","60270104","1333","137","32","137490432","117157888"
"Monitoring","2025/07/17 21:55:02","60974664","1333","137","32","137490432","117157888"
"Monitoring","2025/07/17 21:55:02","57539424","1334","137","32","137502720","116482048"
"Monitoring","2025/07/17 21:55:02","58252176","1334","137","32","137502720","117157888"
"Monitoring","2025/07/17 21:55:02","58956736","1334","137","32","137502720","117157888"
"Monitoring","2025/07/17 21:55:02","59661296","1334","137","32","137502720","116482048"
"Monitoring","2025/07/17 21:55:02","60365856","1334","137","32","137502720","117157888"
"Monitoring","2025/07/17 21:55:03","61070416","1334","137","32","137502720","117157888"
"Monitoring","2025/07/17 21:55:03","57625768","1335","137","32","137551872","116547584"
"Monitoring","2025/07/17 21:55:03","58330328","1335","137","32","137551872","117223424"
"Monitoring","2025/07/17 21:55:03","59034888","1335","137","32","137551872","117223424"
"Monitoring","2025/07/17 21:55:03","59739448","1335","137","32","137551872","116547584"
"Monitoring","2025/07/17 21:55:03","60444008","1335","137","32","137551872","117223424"
"Monitoring","2025/07/17 21:55:03","61148568","1335","137","32","137551872","117223424"
"Monitoring","2025/07/17 21:55:03","57753544","1336","137","32","137580544","116547584"
"Monitoring","2025/07/17 21:55:03","58458104","1336","137","32","137580544","117223424"
"Monitoring","2025/07/17 21:55:03","59170856","1336","137","32","137580544","117223424"
"Monitoring","2025/07/17 21:55:03","59875416","1336","137","32","137580544","116547584"
"Monitoring","2025/07/17 21:55:03","60579976","1336","137","32","137580544","117223424"
"Monitoring","2025/07/17 21:55:03","61284536","1336","137","32","137580544","117223424"
"Monitoring","2025/07/17 21:55:03","57844688","1337","137","32","137666560","116613120"
"Monitoring","2025/07/17 21:55:03","58549248","1337","137","32","137666560","117288960"
"Monitoring","2025/07/17 21:55:03","59262000","1337","137","32","137666560","117288960"
"Monitoring","2025/07/17 21:55:03","59966560","1337","137","32","137666560","116613120"
"Monitoring","2025/07/17 21:55:03","60671120","1337","137","32","137666560","117288960"
"Monitoring","2025/07/17 21:55:04","61375680","1337","137","32","137666560","117288960"
"Monitoring","2025/07/17 21:55:04","57951872","1338","137","32","137699328","116678656"
"Monitoring","2025/07/17 21:55:04","58656432","1338","137","32","137699328","117354496"
"Monitoring","2025/07/17 21:55:04","59360992","1338","137","32","137699328","117354496"
"Monitoring","2025/07/17 21:55:04","60065552","1338","137","32","137699328","116678656"
"Monitoring","2025/07/17 21:55:04","60770112","1338","137","32","137699328","117354496"
"Monitoring","2025/07/17 21:55:04","61474672","1338","137","32","137699328","117420032"
"Monitoring","2025/07/17 21:55:04","58041584","1339","137","32","137748480","116744192"
"Monitoring","2025/07/17 21:55:04","58754336","1339","137","32","137748480","117420032"
"Monitoring","2025/07/17 21:55:04","59458896","1339","137","32","137748480","117420032"
"Monitoring","2025/07/17 21:55:04","60163456","1339","137","32","137748480","116744192"
"Monitoring","2025/07/17 21:55:04","60868016","1339","137","32","137748480","117420032"
"Monitoring","2025/07/17 21:55:04","61572576","1339","137","32","137748480","117420032"
"Monitoring","2025/07/17 21:55:04","58135464","1340","137","32","137789440","116744192"
"Monitoring","2025/07/17 21:55:04","58840024","1340","137","32","137789440","117420032"
"Monitoring","2025/07/17 21:55:04","59544584","1340","137","32","137789440","117420032"
"Monitoring","2025/07/17 21:55:04","60249144","1340","137","32","137789440","116744192"
"Monitoring","2025/07/17 21:55:05","60953704","1340","137","32","137789440","117420032"
"Monitoring","2025/07/17 21:55:05","61658264","1340","137","32","137814016","117485568"
"Monitoring","2025/07/17 21:55:05","58230896","1341","137","32","137826304","116809728"
"Monitoring","2025/07/17 21:55:05","58935456","1341","137","32","137826304","117485568"
"Monitoring","2025/07/17 21:55:05","59640016","1341","137","32","137826304","117485568"
"Monitoring","2025/07/17 21:55:05","60344576","1341","137","32","137826304","116809728"
"Monitoring","2025/07/17 21:55:05","61049136","1341","137","32","137826304","117485568"
"Monitoring","2025/07/17 21:55:05","61753696","1341","137","32","137904128","117682176"
"Monitoring","2025/07/17 21:55:05","57977944","1342","137","32","138248192","117202944"
"Monitoring","2025/07/17 21:55:05","58682504","1342","137","32","138248192","117878784"
"Monitoring","2025/07/17 21:55:05","59395256","1342","137","32","138248192","117878784"
"Monitoring","2025/07/17 21:55:05","60099816","1342","137","32","138248192","117202944"
"Monitoring","2025/07/17 21:55:05","60804376","1342","137","32","138248192","117878784"
"Monitoring","2025/07/17 21:55:05","61508936","1342","137","32","138248192","117878784"
"Monitoring","2025/07/17 21:55:05","58074360","1343","137","32","138248192","117202944"
"Monitoring","2025/07/17 21:55:05","58778920","1343","137","32","138248192","117878784"
"Monitoring","2025/07/17 21:55:06","59483480","1343","137","32","138248192","117878784"
"Monitoring","2025/07/17 21:55:06","60188040","1343","137","32","138248192","117202944"
"Monitoring","2025/07/17 21:55:06","60892600","1343","137","32","138248192","117878784"
"Monitoring","2025/07/17 21:55:06","61605352","1343","137","32","138248192","117878784"
"Monitoring","2025/07/17 21:55:06","58171200","1344","137","32","138248192","117202944"
"Monitoring","2025/07/17 21:55:06","58883952","1344","137","32","137596928","117878784"
"Monitoring","2025/07/17 21:55:06","59588512","1344","137","32","138248192","117878784"
"Monitoring","2025/07/17 21:55:06","60293072","1344","137","32","138248192","117878784"
"Monitoring","2025/07/17 21:55:06","60997632","1344","137","32","137596928","117878784"
"Monitoring","2025/07/17 21:55:06","61702192","1344","137","32","138248192","117878784"
"Monitoring","2025/07/17 21:55:06","58278360","1345","137","32","138248192","117878784"
"Monitoring","2025/07/17 21:55:06","58982920","1345","137","32","138248192","117878784"
"Monitoring","2025/07/17 21:55:06","59687480","1345","137","32","138248192","117878784"
"Monitoring","2025/07/17 21:55:07","60400232","1345","137","32","138248192","117878784"
"Monitoring","2025/07/17 21:55:07","61104792","1345","137","32","138248192","117878784"
"Monitoring","2025/07/17 21:55:07","61809352","1345","137","32","138248192","117878784"
"Monitoring","2025/07/17 21:55:07","58376312","1346","137","32","138248192","117878784"
"Monitoring","2025/07/17 21:55:07","59080872","1346","137","32","138248192","117878784"
"Monitoring","2025/07/17 21:55:07","59785432","1346","137","32","138248192","117878784"
"Monitoring","2025/07/17 21:55:07","60489992","1346","137","32","138248192","117878784"
"Monitoring","2025/07/17 21:55:07","61202744","1346","137","32","138248192","117878784"
"Monitoring","2025/07/17 21:55:07","61907304","1346","137","32","138248192","117878784"
"Monitoring","2025/07/17 21:55:07","58470192","1347","137","32","138248192","117878784"
"Monitoring","2025/07/17 21:55:07","59174752","1347","137","32","138248192","117878784"
"Monitoring","2025/07/17 21:55:07","59879312","1347","137","32","138248192","117878784"
"Monitoring","2025/07/17 21:55:07","60583872","1347","137","32","138248192","117878784"
"Monitoring","2025/07/17 21:55:07","61288432","1347","137","32","138248192","117878784"
"Monitoring","2025/07/17 21:55:07","61992992","1347","137","32","138248192","117202944"
"Monitoring","2025/07/17 21:55:08","58140976","1348","137","32","138633216","118272000"
"Monitoring","2025/07/17 21:55:08","58861920","1348","137","32","138633216","118272000"
"Monitoring","2025/07/17 21:55:08","59566480","1348","137","32","138633216","117596160"
"Monitoring","2025/07/17 21:55:08","60271040","1348","137","32","138633216","118272000"
"Monitoring","2025/07/17 21:55:08","60975600","1348","137","32","138633216","118272000"
"Monitoring","2025/07/17 21:55:08","61688352","1348","137","32","138633216","117596160"
"Monitoring","2025/07/17 21:55:08","58209112","1349","137","32","138633216","118272000"
"Monitoring","2025/07/17 21:55:08","58930056","1349","137","32","138633216","118272000"
"Monitoring","2025/07/17 21:55:08","59634616","1349","137","32","138633216","117596160"
"Monitoring","2025/07/17 21:55:08","60339176","1349","137","32","138633216","118272000"
"Monitoring","2025/07/17 21:55:08","61043736","1349","137","32","138633216","118272000"
"Monitoring","2025/07/17 21:55:08","61748296","1349","137","32","138633216","117596160"
"Monitoring","2025/07/17 21:55:08","58318184","1350","137","32","138633216","118272000"
"Monitoring","2025/07/17 21:55:08","59022744","1350","137","32","138633216","118272000"
"Monitoring","2025/07/17 21:55:08","59727304","1350","137","32","138633216","117596160"
"Monitoring","2025/07/17 21:55:08","60431864","1350","137","32","137981952","118272000"
"Monitoring","2025/07/17 21:55:09","61136424","1350","137","32","138633216","118272000"
"Monitoring","2025/07/17 21:55:09","61840984","1350","137","32","138633216","118272000"
"Monitoring","2025/07/17 21:55:09","58396984","1351","137","32","138633216","118272000"
"Monitoring","2025/07/17 21:55:09","59109736","1351","137","32","138633216","118272000"
"Monitoring","2025/07/17 21:55:09","59814296","1351","137","32","138633216","118272000"
"Monitoring","2025/07/17 21:55:09","60518856","1351","137","32","138633216","118272000"
"Monitoring","2025/07/17 21:55:09","61223416","1351","137","32","138633216","118272000"
"Monitoring","2025/07/17 21:55:09","61927976","1351","137","32","138633216","118272000"
"Monitoring","2025/07/17 21:55:09","58493672","1352","137","32","138633216","118272000"
"Monitoring","2025/07/17 21:55:09","59198232","1352","137","32","138633216","118272000"
"Monitoring","2025/07/17 21:55:09","59902792","1352","137","32","138633216","118272000"
"Monitoring","2025/07/17 21:55:09","60607352","1352","137","32","138633216","118272000"
"Monitoring","2025/07/17 21:55:09","61311912","1352","137","32","138633216","117596160"
"Monitoring","2025/07/17 21:55:09","62016472","1352","137","32","138633216","118272000"
"Monitoring","2025/07/17 21:55:09","58574152","1353","137","32","138633216","118272000"
"Monitoring","2025/07/17 21:55:09","59286904","1353","137","32","138633216","117596160"
"Monitoring","2025/07/17 21:55:10","59991464","1353","137","32","138633216","118272000"
"Monitoring","2025/07/17 21:55:10","60696024","1353","137","32","138633216","118272000"
"Monitoring","2025/07/17 21:55:10","61400584","1353","137","32","138633216","117596160"
"Monitoring","2025/07/17 21:55:10","62105144","1353","137","32","138633216","118272000"
"Monitoring","2025/07/17 21:55:10","58640536","1354","137","32","138633216","118272000"
"Monitoring","2025/07/17 21:55:10","59345096","1354","137","32","138633216","117596160"
"Monitoring","2025/07/17 21:55:10","60049656","1354","137","32","138633216","118272000"
"Monitoring","2025/07/17 21:55:10","60754216","1354","137","32","138633216","118272000"
"Monitoring","2025/07/17 21:55:10","61458776","1354","137","32","138633216","117596160"
"Monitoring","2025/07/17 21:55:10","62163336","1354","137","32","138633216","118272000"
"Monitoring","2025/07/17 21:55:10","58747104","1355","137","32","138633216","118272000"
"Monitoring","2025/07/17 21:55:10","59459856","1355","137","32","138633216","117596160"
"Monitoring","2025/07/17 21:55:10","60164416","1355","137","32","138633216","118272000"
"Monitoring","2025/07/17 21:55:10","60868976","1355","137","32","138633216","118272000"
"Monitoring","2025/07/17 21:55:10","61573536","1355","137","32","138633216","117596160"
"Monitoring","2025/07/17 21:55:10","62278096","1355","137","32","138633216","118272000"
"Monitoring","2025/07/17 21:55:11","58845008","1356","137","32","138633216","118272000"
"Monitoring","2025/07/17 21:55:11","59549568","1356","137","32","138633216","117596160"
"Monitoring","2025/07/17 21:55:11","60254128","1356","137","32","137981952","118272000"
"Monitoring","2025/07/17 21:55:11","60958688","1356","137","32","138633216","118272000"
"Monitoring","2025/07/17 21:55:11","61663248","1356","137","32","138633216","118272000"
"Monitoring","2025/07/17 21:55:11","62376000","1356","137","32","137981952","118272000"
"Monitoring","2025/07/17 21:55:11","58938864","1357","137","32","138633216","118272000"
"Monitoring","2025/07/17 21:55:11","59643424","1357","137","32","138633216","118272000"
"Monitoring","2025/07/17 21:55:11","60347984","1357","137","32","138633216","118272000"
"Monitoring","2025/07/17 21:55:11","61052544","1357","137","32","138633216","118272000"
"Monitoring","2025/07/17 21:55:11","61757104","1357","137","32","138633216","118272000"
"Monitoring","2025/07/17 21:55:11","62461664","1357","137","32","138633216","118272000"
"Monitoring","2025/07/17 21:55:11","59026056","1358","137","32","138637312","118272000"
"Monitoring","2025/07/17 21:55:11","59730616","1358","137","32","138637312","118272000"
"Monitoring","2025/07/17 21:55:11","60435176","1358","137","32","138637312","118272000"
"Monitoring","2025/07/17 21:55:11","61139736","1358","137","32","138637312","118272000"
"Monitoring","2025/07/17 21:55:12","61852488","1358","137","32","138637312","118272000"
"Monitoring","2025/07/17 21:55:12","58393608","1359","137","32","138682368","118337536"
"Monitoring","2025/07/17 21:55:12","59114552","1359","137","32","138682368","118337536"
"Monitoring","2025/07/17 21:55:12","59819112","1359","137","32","138686464","118337536"
"Monitoring","2025/07/17 21:55:12","60523672","1359","137","32","138686464","118337536"
"Monitoring","2025/07/17 21:55:12","61228232","1359","137","32","138682368","118337536"
"Monitoring","2025/07/17 21:55:12","61932792","1359","137","32","138682368","118337536"
"Monitoring","2025/07/17 21:55:12","62638856","1359","137","32","138797056","118468608"
"Monitoring","2025/07/17 21:55:12","59132528","1360","137","32","138846208","118468608"
"Monitoring","2025/07/17 21:55:12","59845280","1360","137","32","138846208","118468608"
"Monitoring","2025/07/17 21:55:12","60549840","1360","137","32","138846208","118468608"
"Monitoring","2025/07/17 21:55:12","61254400","1360","137","32","138846208","118468608"
"Monitoring","2025/07/17 21:55:12","61958960","1360","137","32","138846208","118468608"
"Monitoring","2025/07/17 21:55:12","62663520","1360","137","32","138846208","118468608"
"Monitoring","2025/07/17 21:55:12","59226728","1361","137","32","138842112","118468608"
"Monitoring","2025/07/17 21:55:12","59931288","1361","137","32","138842112","118468608"
"Monitoring","2025/07/17 21:55:12","60635848","1361","137","32","138842112","118468608"
"Monitoring","2025/07/17 21:55:13","61348600","1361","137","32","138842112","118468608"
"Monitoring","2025/07/17 21:55:13","62053160","1361","137","32","138842112","118468608"
"Monitoring","2025/07/17 21:55:13","58582896","1362","137","32","138846208","118468608"
"Monitoring","2025/07/17 21:55:13","59303840","1362","137","32","138846208","117792768"
"Monitoring","2025/07/17 21:55:13","60008400","1362","137","32","138850304","118468608"
"Monitoring","2025/07/17 21:55:13","60712960","1362","137","32","138850304","118468608"
"Monitoring","2025/07/17 21:55:13","61417520","1362","137","32","138850304","117792768"
"Monitoring","2025/07/17 21:55:13","62122080","1362","137","32","138850304","118468608"
"Monitoring","2025/07/17 21:55:13","58694088","1363","137","32","138870784","118534144"
"Monitoring","2025/07/17 21:55:13","59415032","1363","137","32","138870784","117858304"
"Monitoring","2025/07/17 21:55:13","60119592","1363","137","32","138870784","118534144"
"Monitoring","2025/07/17 21:55:13","60824152","1363","137","32","138870784","118534144"
